{"entities":{"pages":{"Enter":{"id":"Enter","title":"GasuDev Backend Разработчик","url":"enter.html","level":0,"tabIndex":0},"_JavaScript":{"id":"_JavaScript","title":"JavaScript","url":"javascript.html","level":0,"pages":["FirstProgram","NPMManager","JavaScript-ES5","ArrayStringJs","ES6","Classes","Async","Threads","TypeScript","NodeJS"],"tabIndex":1},"FirstProgram":{"id":"FirstProgram","title":"Первая программа на JavaScript и запуск ее на NodeJS","url":"firstprogram.html","level":1,"parentId":"_JavaScript","tabIndex":0},"NPMManager":{"id":"NPMManager","title":"NPM","url":"npmmanager.html","level":1,"parentId":"_JavaScript","tabIndex":1},"JavaScript-ES5":{"id":"JavaScript-ES5","title":"Основы JavaScript ES5","url":"javascript-es5.html","level":1,"parentId":"_JavaScript","tabIndex":2},"ArrayStringJs":{"id":"ArrayStringJs","title":"Методы массивов и строк в JavaScript","url":"arraystringjs.html","level":1,"parentId":"_JavaScript","tabIndex":3},"ES6":{"id":"ES6","title":"Изменения в ES6 после ES5","url":"es6.html","level":1,"parentId":"_JavaScript","tabIndex":4},"Classes":{"id":"Classes","title":"Классы","url":"classes.html","level":1,"parentId":"_JavaScript","tabIndex":5},"Async":{"id":"Async","title":"Асинхронность и неблокирующие вызовы. Промисы","url":"async.html","level":1,"parentId":"_JavaScript","tabIndex":6},"Threads":{"id":"Threads","title":"Многопоточность в JS","url":"threads.html","level":1,"parentId":"_JavaScript","tabIndex":7},"TypeScript":{"id":"TypeScript","title":"TypeScript","url":"typescript.html","level":1,"parentId":"_JavaScript","tabIndex":8},"NodeJS":{"id":"NodeJS","title":"NodeJS","url":"nodejs.html","level":1,"parentId":"_JavaScript","pages":["npm","V8"],"tabIndex":9},"npm":{"id":"npm","title":"Импорт, экспорт. Пакеты","url":"npm.html","level":2,"parentId":"NodeJS","tabIndex":0},"V8":{"id":"V8","title":"Движок V8","url":"v8.html","level":2,"parentId":"NodeJS","tabIndex":1},"_Theory":{"id":"_Theory","title":"Теория","url":"theory.html","level":0,"pages":["FuncProg","OOP","SOLID","AOP","COP","Design_Patterns","_Arch"],"tabIndex":2},"FuncProg":{"id":"FuncProg","title":"Функциональная парадигма","url":"funcprog.html","level":1,"parentId":"_Theory","tabIndex":0},"OOP":{"id":"OOP","title":"Объектно-ориентированное программирование","url":"oop.html","level":1,"parentId":"_Theory","tabIndex":1},"SOLID":{"id":"SOLID","title":"SOLID","url":"solid.html","level":1,"parentId":"_Theory","tabIndex":2},"AOP":{"id":"AOP","title":"Аспектно-ориентированное программирование","url":"aop.html","level":1,"parentId":"_Theory","tabIndex":3},"COP":{"id":"COP","title":"Компонентно-ориентированная модель","url":"cop.html","level":1,"parentId":"_Theory","tabIndex":4},"Design_Patterns":{"id":"Design_Patterns","title":"Patterns","url":"design-patterns.html","level":1,"parentId":"_Theory","tabIndex":5},"_Arch":{"id":"_Arch","title":"Архитектура","url":"arch.html","level":1,"parentId":"_Theory","pages":["DomainModel","MonoArch","MicroArch","MicroPatterns"],"tabIndex":6},"DomainModel":{"id":"DomainModel","title":"Доменная модель","url":"domainmodel.html","level":2,"parentId":"_Arch","tabIndex":0},"MonoArch":{"id":"MonoArch","title":"Монолитная архитектура","url":"monoarch.html","level":2,"parentId":"_Arch","tabIndex":1},"MicroArch":{"id":"MicroArch","title":"Микросервисная архитектура","url":"microarch.html","level":2,"parentId":"_Arch","tabIndex":2},"MicroPatterns":{"id":"MicroPatterns","title":"Паттерны микросервисной архитектуры","url":"micropatterns.html","level":2,"parentId":"_Arch","tabIndex":3},"_Backend":{"id":"_Backend","title":"Backend","url":"backend.html","level":0,"pages":["HTTP","AltProtocols","Auth","API","OpenRelemetry"],"tabIndex":3},"HTTP":{"id":"HTTP","title":"HTTP","url":"http.html","level":1,"parentId":"_Backend","tabIndex":0},"AltProtocols":{"id":"AltProtocols","title":"Альтернативные протоколы","url":"altprotocols.html","level":1,"parentId":"_Backend","tabIndex":1},"Auth":{"id":"Auth","title":"Авторизация и Аутентификация","url":"auth.html","level":1,"parentId":"_Backend","tabIndex":2},"API":{"id":"API","title":"API-контракты","url":"api.html","level":1,"parentId":"_Backend","tabIndex":3},"OpenRelemetry":{"id":"OpenRelemetry","title":"Трассировки и мониторинг. Траблшутинг","url":"openrelemetry.html","level":1,"parentId":"_Backend","tabIndex":4},"Локальная-разработка-составных-сервисов":{"id":"Локальная-разработка-составных-сервисов","title":"Локальная разработка составных сервисов","url":"локальная-разработка-составных-сервисов.html","level":0,"tabIndex":4},"_Data":{"id":"_Data","title":"Хранение данных","url":"data.html","level":0,"pages":["SUBD","SQL","NoSQL","Indexes","S3"],"tabIndex":5},"SUBD":{"id":"SUBD","title":"СУБД","url":"subd.html","level":1,"parentId":"_Data","tabIndex":0},"SQL":{"id":"SQL","title":"SQL","url":"sql.html","level":1,"parentId":"_Data","pages":["DB_Theory","RequestsDB"],"tabIndex":1},"DB_Theory":{"id":"DB_Theory","title":"Теория (Н, Т, Д)","url":"db-theory.html","level":2,"parentId":"SQL","tabIndex":0},"RequestsDB":{"id":"RequestsDB","title":"Запросы и их анализ","url":"requestsdb.html","level":2,"parentId":"SQL","tabIndex":1},"NoSQL":{"id":"NoSQL","title":"NO SQL","url":"nosql.html","level":1,"parentId":"_Data","pages":["Redis"],"tabIndex":2},"Redis":{"id":"Redis","title":"Redis","url":"redis.html","level":2,"parentId":"NoSQL","tabIndex":0},"Indexes":{"id":"Indexes","title":"Индексы","url":"indexes.html","level":1,"parentId":"_Data","tabIndex":3},"S3":{"id":"S3","title":"S3","url":"s3.html","level":1,"parentId":"_Data","tabIndex":4},"_ExpressJS":{"id":"_ExpressJS","title":"ExpressJS","url":"expressjs.html","level":0,"pages":["CORS","MVC","ExpressExamples"],"tabIndex":6},"CORS":{"id":"CORS","title":"CORS","url":"cors.html","level":1,"parentId":"_ExpressJS","tabIndex":0},"MVC":{"id":"MVC","title":"MVC","url":"mvc.html","level":1,"parentId":"_ExpressJS","tabIndex":1},"ExpressExamples":{"id":"ExpressExamples","title":"Примеры проектов","url":"expressexamples.html","level":1,"parentId":"_ExpressJS","tabIndex":2},"_NestJS":{"id":"_NestJS","title":"NestJS","url":"nestjs.html","level":0,"pages":["NestJSLayers","Работа-с-документацией"],"tabIndex":7},"NestJSLayers":{"id":"NestJSLayers","title":"Основные слои приложения","url":"nestjslayers.html","level":1,"parentId":"_NestJS","tabIndex":0},"Работа-с-документацией":{"id":"Работа-с-документацией","title":"Работа с документацией","url":"работа-с-документацией.html","level":1,"parentId":"_NestJS","tabIndex":1},"_Командная-разработка":{"id":"_Командная-разработка","title":"Командная разработка","url":"командная-разработка.html","level":0,"pages":["AgileDates","CI-CD"],"tabIndex":8},"AgileDates":{"id":"AgileDates","title":"Agile Мероприятия","url":"agiledates.html","level":1,"parentId":"_Командная-разработка","tabIndex":0},"CI-CD":{"id":"CI-CD","title":"CI/CD","url":"ci-cd.html","level":1,"parentId":"_Командная-разработка","tabIndex":1}}},"topLevelIds":["Enter","_JavaScript","_Theory","_Backend","Локальная-разработка-составных-сервисов","_Data","_ExpressJS","_NestJS","_Командная-разработка"]}